open,open,open,open,open,open,open,open,open,open,open,open,open,open,open,open,open,open,open,open
open,open,open,open,open,open,open,open,open,open,open,open,open,open,open,open,open,open,open,open
open,open,open,open,open,open,open,open,open,open,open,open,open,open,open,open,open,open,open,open
open,open,open,open,open,open,open,open,open,open,open,open,open,open,open,open,open,open,open,open
open,open,open,open,open,open,open,open,open,open,open,open,open,open,open,open,open,open,open,open
open,open,open,open,open,open,open,open,open,open,open,open,open,open,open,open,open,open,open,open
open,open,open,hill,open,open,open,open,open,open,open,open,open,open,open,open,open,open,open,open
open,open,open,hill,open,open,open,open,open,open,open,open,open,open,open,open,open,open,open,open
open,open,hill,hill,open,open,open,open,open,open,open,open,open,open,open,open,open,open,open,open
open,open,hill,open,open,open,open,open,open,open,open,open,open,open,open,open,open,open,open,open
open,open,hill,open,open,open,open,open,open,open,open,open,open,open,open,open,open,open,open,open
open,open,hill,open,open,open,open,open,open,open,open,open,open,open,open,open,open,open,open,open
open,hill,hill,open,open,open,open,open,open,open,open,open,open,open,open,open,open,open,open,open
open,open,open,open,open,open,open,open,open,open,open,open,open,open,open,open,open,open,open,open
open,open,open,open,open,open,open,open,open,open,open,open,open,open,open,open,open,open,open,open
open,open,open,open,open,open,open,open,open,open,open,open,open,open,open,open,open,open,open,open
open,open,open,open,open,open,open,open,open,open,open,open,open,open,open,open,open,open,open,open
open,open,open,open,open,open,open,open,open,open,open,open,open,open,open,open,open,open,open,open
open,open,open,open,open,open,open,open,open,open,open,open,open,open,open,open,open,open,open,open
open,open,open,open,open,open,open,open,open,open,open,open,open,open,open,open,open,open,open,open
